{
  "mean": [
    3.389141082763672,
    4.516940116882324,
    0.1274859607219696,
    6.396450519561768,
    16.0,
    6.637915134429932,
    11.185616493225098,
    0.02447611279785633,
    0.10092248767614365,
    0.531653106212616,
    0.531653106212616,
    1.0,
    0.2742462754249573,
    0.5160073637962341,
    1.0793243646621704,
    0.531653106212616,
    0.4609174132347107,
    0.9984843730926514,
    0.45801159739494324,
    0.0,
    0.11155812442302704,
    0.23043881356716156,
    3.670132875442505,
    4.736946105957031,
    0.5919800996780396,
    0.7037055492401123,
    0.8491880893707275,
    0.9070335030555725,
    0.9473706483840942,
    0.06036313623189926,
    1.7334277629852295,
    3.2195990085601807,
    3.8454535007476807
  ],
  "std": [
    0.47563982009887695,
    0.5888403058052063,
    0.05632241070270538,
    0.8437425494194031,
    7.659417152404785,
    1.0621302127838135,
    1.7544283866882324,
    0.03005168028175831,
    0.09583169221878052,
    0.2728932797908783,
    0.2728932797908783,
    1.0,
    0.129089817404747,
    0.12496568262577057,
    0.13886894285678864,
    0.2728932797908783,
    0.25244981050491333,
    1.0093467235565186,
    0.6599933505058289,
    1.0,
    0.08778747916221619,
    0.12444991618394852,
    0.5017775893211365,
    0.6057006120681763,
    0.26566579937934875,
    0.25682830810546875,
    0.17698873579502106,
    0.12712763249874115,
    0.0830477923154831,
    0.038968052715063095,
    0.4715760350227356,
    0.8109942674636841,
    1.1662267446517944
  ],
  "feature_names": [
    "num_nodes",
    "num_edges",
    "edge_density",
    "mean_degree",
    "max_degree",
    "num_active_ODs",
    "demand_load",
    "demand_max_share",
    "tm_change",
    "ecmp_mlu",
    "accepted_mlu",
    "accepted_over_ecmp_ratio",
    "gnn_score_mean",
    "gnn_score_p95",
    "gnn_score_max",
    "top1_ecmp_link_util",
    "top5_ecmp_link_util",
    "number_of_links_util_gt_0.8",
    "number_of_links_util_gt_1.0",
    "number_of_links_util_gt_2.0",
    "fraction_total_demand_crossing_top1_bottleneck",
    "fraction_total_demand_crossing_top3_bottlenecks",
    "number_ODs_crossing_top1_bottleneck",
    "number_ODs_crossing_top3_bottlenecks",
    "share_bottleneck_demand_covered_by_top50_GNN",
    "share_bottleneck_demand_covered_by_top100_GNN",
    "share_bottleneck_demand_covered_by_top300_GNN",
    "share_bottleneck_demand_covered_by_top500_GNN",
    "share_bottleneck_demand_covered_by_top800_GNN",
    "bottleneck_concentration_index",
    "estimated_runtime_proxy_for_K50",
    "estimated_runtime_proxy_for_K300",
    "estimated_runtime_proxy_for_K800"
  ]
}